"ID_SALES","pred_class"
"CC1040A","yes"
"CC1525A","yes"
"CC2011A","yes"
"CD1132A","yes"
"CD1178T","yes"
"CD1328A","no"
"CD1391A","no"
"CD1422T","no"
"CD1433A","no"
"CD1539A","yes"
"CD1798A","yes"
"CD19A","yes"
"CD211A","no"
"CD214A","no"
"CD2190A","yes"
"CD2576A","no"
"CD2787A","no"
"CD3043A","no"
"CD3187A","yes"
"CD3289A","yes"
"CD3414A","no"
"CD3593A","yes"
"CD3674A","no"
"CD3884T","no"
"CD3910A","yes"
"CD3970A","yes"
"CD415A","no"
"CD4201A","no"
"CD4405A","no"
"CD4443A","yes"
"CD4602A","yes"
"CD4655A","yes"
"CD4706A","yes"
"CD5009A","yes"
"CD863A","no"
"CVP3435T","yes"
"HC110A","yes"
"HC1195A","no"
"HC1210A","no"
"HC1262A","no"
"HC1267A","no"
"HC1470A","yes"
"HC1501A","yes"
"HC1608A","no"
"HC1652A","yes"
"HC1657A","yes"
"HC1691T","yes"
"HC1713A","yes"
"HC1796A","yes"
"HC1882A","no"
"HC1956A","yes"
"HC1991A","yes"
"HC2260A","yes"
"HC2281A","yes"
"HC2366A","no"
"HC2562A","yes"
"HC2565A","yes"
"HC2673A","yes"
"HC2737A","no"
"HC2786A","yes"
"HC2815A","yes"
"HC2866A","yes"
"HC2971A","yes"
"HC2987A","yes"
"HC3153A","no"
"HC318A","no"
"HC3236A","no"
"HC3597A","no"
"HC3692A","no"
"HC3702A","yes"
"HC3716A","yes"
"HC3851A","yes"
"HC3953A","no"
"HC3954A","yes"
"HC3975A","no"
"HC4047A","no"
"HC4051A","no"
"HC4065A","yes"
"HC4112A","no"
"HC4141A","yes"
"HC4317A","yes"
"HC4425A","yes"
"HC4526A","yes"
"HC4535A","yes"
"HC4560A","yes"
"HC4572A","yes"
"HC4579A","yes"
"HC4640A","no"
"HC4666A","yes"
"HC4671A","yes"
"HC61A","yes"
"HC708A","no"
"HC749A","yes"
"HC768A","no"
"HD1023A","yes"
"HD106A","yes"
"HD1074A","yes"
"HD1085A","no"
"HD1096T","yes"
"HD1099A","no"
"HD1108A","yes"
"HD1109A","yes"
"HD1121A","yes"
"HD1145A","yes"
"HD1151A","yes"
"HD1173A","no"
"HD1179A","yes"
"HD1186T","yes"
"HD1207A","no"
"HD121A","yes"
"HD122A","yes"
"HD1237T","yes"
"HD124A","yes"
"HD1261A","no"
"HD1264A","no"
"HD1270T","yes"
"HD1282A","yes"
"HD1312A","yes"
"HD1313A","yes"
"HD1315A","yes"
"HD1333A","yes"
"HD1335A","yes"
"HD1355A","yes"
"HD1360A","yes"
"HD1375A","yes"
"HD137A","yes"
"HD1408A","yes"
"HD142A","yes"
"HD1430A","yes"
"HD1436A","yes"
"HD1460A","yes"
"HD1468T","yes"
"HD1476A","yes"
"HD1480A","yes"
"HD1484A","no"
"HD1489A","no"
"HD1496A","yes"
"HD1519T","yes"
"HD1527A","yes"
"HD1542A","yes"
"HD1554T","yes"
"HD1560A","yes"
"HD1589A","yes"
"HD1590T","no"
"HD1598A","yes"
"HD15A","yes"
"HD1605A","yes"
"HD1614A","no"
"HD161A","no"
"HD1620T","yes"
"HD1627A","yes"
"HD1628A","yes"
"HD1629A","yes"
"HD162A","yes"
"HD1635A","yes"
"HD1636A","yes"
"HD1642A","yes"
"HD1651A","yes"
"HD1653T","yes"
"HD1665A","yes"
"HD1666A","yes"
"HD166A","no"
"HD1671A","no"
"HD1672A","yes"
"HD1673A","yes"
"HD1679A","yes"
"HD1684A","yes"
"HD168A","no"
"HD1700A","no"
"HD1704A","yes"
"HD1712A","yes"
"HD1734A","yes"
"HD1742A","yes"
"HD1747A","yes"
"HD1757A","no"
"HD1765A","yes"
"HD1769A","yes"
"HD1782A","yes"
"HD1786A","yes"
"HD1788A","yes"
"HD178A","yes"
"HD1797T","yes"
"HD1822A","yes"
"HD1828A","no"
"HD1833A","yes"
"HD1834A","no"
"HD183A","yes"
"HD184A","yes"
"HD1855A","yes"
"HD1860A","no"
"HD1885T","yes"
"HD1912A","no"
"HD1939A","yes"
"HD1954A","no"
"HD1958A","no"
"HD1977A","yes"
"HD1999A","yes"
"HD1T","yes"
"HD2001A","no"
"HD2025A","yes"
"HD2032A","yes"
"HD2036A","no"
"HD2041A","yes"
"HD2046A","yes"
"HD2072A","yes"
"HD2075A","yes"
"HD2093A","yes"
"HD2118A","yes"
"HD2123T","no"
"HD2156A","yes"
"HD2161A","no"
"HD2210A","no"
"HD2211A","yes"
"HD2219A","no"
"HD2229A","yes"
"HD2237A","yes"
"HD2245A","no"
"HD2254A","yes"
"HD2262A","yes"
"HD2271T","yes"
"HD2273A","yes"
"HD2291A","yes"
"HD2300A","yes"
"HD2322A","yes"
"HD2343A","yes"
"HD234A","yes"
"HD2357A","yes"
"HD2362T","yes"
"HD2369A","yes"
"HD2372A","yes"
"HD2379A","yes"
"HD237A","yes"
"HD2401A","no"
"HD2405A","yes"
"HD2418A","yes"
"HD241A","yes"
"HD2432A","yes"
"HD2448A","yes"
"HD2449A","no"
"HD2452A","no"
"HD2453A","yes"
"HD2470A","yes"
"HD2472A","yes"
"HD2476A","yes"
"HD2479A","yes"
"HD2497T","yes"
"HD2505A","yes"
"HD2528T","yes"
"HD2544A","no"
"HD2559A","no"
"HD2564A","no"
"HD2568T","yes"
"HD256A","no"
"HD2571A","no"
"HD2572A","yes"
"HD2582T","yes"
"HD2587T","yes"
"HD2632A","yes"
"HD2653T","yes"
"HD2664A","yes"
"HD2674A","no"
"HD2685A","yes"
"HD2705A","yes"
"HD2711A","yes"
"HD2716A","yes"
"HD2721T","no"
"HD2732A","yes"
"HD2743A","no"
"HD2783A","yes"
"HD27A","yes"
"HD2809A","no"
"HD2816A","yes"
"HD2824A","yes"
"HD2825A","no"
"HD2827A","no"
"HD2831A","yes"
"HD2847A","no"
"HD2877A","no"
"HD2884T","no"
"HD2885A","no"
"HD2900A","yes"
"HD2913A","yes"
"HD2924A","yes"
"HD2936A","yes"
"HD2951T","no"
"HD2966A","yes"
"HD2975A","yes"
"HD297A","yes"
"HD299T","yes"
"HD3026A","yes"
"HD3047A","yes"
"HD3053A","yes"
"HD3057A","yes"
"HD3068A","yes"
"HD307A","yes"
"HD3108A","yes"
"HD3110A","no"
"HD3131A","yes"
"HD3132A","yes"
"HD3150A","yes"
"HD3159A","yes"
"HD3161A","yes"
"HD3164A","no"
"HD3174T","yes"
"HD3201A","yes"
"HD321A","yes"
"HD3235A","yes"
"HD3240A","yes"
"HD3241A","no"
"HD3245A","yes"
"HD3248A","no"
"HD3261T","no"
"HD327A","no"
"HD3286A","yes"
"HD3288T","yes"
"HD3304A","no"
"HD3313A","no"
"HD3321T","no"
"HD3328A","no"
"HD3337A","no"
"HD3342A","no"
"HD3346A","yes"
"HD3364A","no"
"HD337A","no"
"HD3388A","yes"
"HD3397A","yes"
"HD3400A","yes"
"HD3403A","yes"
"HD3417A","yes"
"HD3420A","yes"
"HD3425A","yes"
"HD3439A","no"
"HD3446A","no"
"HD3448A","no"
"HD345A","no"
"HD3474A","no"
"HD3484A","no"
"HD3502A","no"
"HD3506T","no"
"HD3521A","yes"
"HD3534A","yes"
"HD3550A","yes"
"HD3562A","yes"
"HD3588A","no"
"HD3598T","yes"
"HD3619T","no"
"HD3722T","yes"
"HD3732T","yes"
"HD374A","yes"
"HD3752T","no"
"HD3784A","yes"
"HD3796A","yes"
"HD3811A","no"
"HD3823A","yes"
"HD3826T","yes"
"HD3827T","yes"
"HD3833A","no"
"HD3849A","no"
"HD3859A","no"
"HD385A","no"
"HD3872A","yes"
"HD3874A","no"
"HD3883A","no"
"HD3906A","yes"
"HD3950T","yes"
"HD3951A","no"
"HD3957A","yes"
"HD3968A","yes"
"HD3969A","no"
"HD3971T","no"
"HD3984A","yes"
"HD398A","yes"
"HD3994T","no"
"HD39A","no"
"HD4005T","no"
"HD4009A","yes"
"HD402A","yes"
"HD4031A","no"
"HD4032A","no"
"HD4040A","no"
"HD4072A","yes"
"HD4078A","yes"
"HD4088A","no"
"HD4106A","yes"
"HD4134A","yes"
"HD4157A","no"
"HD4167A","yes"
"HD4180A","yes"
"HD4194T","yes"
"HD420A","no"
"HD4229A","no"
"HD4232A","yes"
"HD4250A","yes"
"HD4260T","no"
"HD4274A","yes"
"HD4291A","yes"
"HD42T","no"
"HD4315T","yes"
"HD4327A","no"
"HD4340A","no"
"HD4356A","yes"
"HD436A","yes"
"HD4381A","no"
"HD4389A","no"
"HD4390A","no"
"HD4391A","no"
"HD4397A","yes"
"HD4449A","yes"
"HD4468A","yes"
"HD4473A","no"
"HD448A","no"
"HD4503A","yes"
"HD4531A","yes"
"HD4546A","yes"
"HD4578A","no"
"HD4581T","yes"
"HD4583A","yes"
"HD4594T","yes"
"HD459A","yes"
"HD4600T","yes"
"HD4604A","no"
"HD4605A","no"
"HD4615A","yes"
"HD4622A","yes"
"HD4627A","no"
"HD4636A","no"
"HD46370","no"
"HD4667A","no"
"HD4668A","yes"
"HD4670A","no"
"HD4676A","yes"
"HD469A","no"
"HD4705A","yes"
"HD4707T","yes"
"HD4708A","no"
"HD470A","no"
"HD4713A","yes"
"HD4714A","yes"
"HD4722T","yes"
"HD4723T","yes"
"HD4732A","no"
"HD4733A","no"
"HD4738A","no"
"HD4742A","yes"
"HD4771A","yes"
"HD477T","yes"
"HD4792A","no"
"HD47A","no"
"HD4807A","yes"
"HD4817A","no"
"HD4840A","no"
"HD4843T","yes"
"HD4857A","yes"
"HD485A","no"
"HD4867T","yes"
"HD4868A","yes"
"HD4875T","yes"
"HD4876T","yes"
"HD4924A","yes"
"HD4929T","yes"
"HD495A","no"
"HD4978A","yes"
"HD4983A","yes"
"HD4985T","no"
"HD4991A","no"
"HD5013A","no"
"HD506A","no"
"HD511A","yes"
"HD528A","no"
"HD536T","yes"
"HD553A","yes"
"HD616A","yes"
"HD621A","yes"
"HD632A","yes"
"HD644A","no"
"HD645A","no"
"HD660A","yes"
"HD694A","no"
"HD702T","yes"
"HD715A","yes"
"HD720T","yes"
"HD730T","no"
"HD746A","no"
"HD747A","no"
"HD755A","no"
"HD764A","yes"
"HD785A","no"
"HD804A","yes"
"HD825A","no"
"HD839A","yes"
"HD840A","yes"
"HD842A","yes"
"HD869A","no"
"HD86A","yes"
"HD878T","no"
"HD903A","yes"
"HD905A","no"
"HD932T","no"
"HD972A","yes"
"HD978T","yes"
"HD993A","yes"
"HD995A","no"
"HD9A","no"
"HF404A","yes"
"HG3064A","yes"
"HG3666A","yes"
"HG3730T","yes"
"HG637A","yes"
"HIS282T","yes"
"HIS3458T","no"
"HN2163A","no"
"HN2481A","yes"
"HN2768T","no"
"HN3034A","yes"
"HN3083A","yes"
"HN3103A","no"
"HN3148A","no"
"HN3264A","yes"
"HN3457T","no"
"HN3466A","no"
"HN3539A","yes"
"HN3773A","yes"
"HN4000A","no"
"HN4437A","no"
"HN4873A","yes"
"HN4937T","no"
"HN570A","no"
"HN796A","no"
"HO2648A","no"
"HO363A","no"
"HS1005A","yes"
"HS1066T","yes"
"HS1084A","yes"
"HS1114A","no"
"HS1490A","yes"
"HS1616A","yes"
"HS1859A","yes"
"HS2203A","yes"
"HS2503A","no"
"HS2763A","yes"
"HS3011A","no"
"HS3055A","yes"
"HS3293A","yes"
"HS3377A","yes"
"HS3594A","no"
"HS4017A","yes"
"HS4179A","yes"
"HS4205A","yes"
"HS4211A","no"
"HS4385A","no"
"HS4446A","no"
"HS4460A","yes"
"HS4565A","yes"
"HS4942A","yes"
"HS879A","no"
"HVP1583T","no"
"HVP2031T","no"
"HVP2166T","yes"
"HVP2272T","yes"
"HVP2374T","no"
"HVP2478T","no"
"HVP2627T","no"
"HVP2646T","no"
"HVP2767T","yes"
"HVP2864T","no"
"HVP2872T","yes"
"HVP3021T","yes"
"HVP3253T","yes"
"HVP3271T","yes"
"HVP3453T","yes"
"HVP4607T","no"
"HVP654T","no"
"HVP766T","no"
"HW1881A","no"
"HW2935T","no"
"HW3896A","yes"
"HY725B","yes"
"HZ773T","yes"
"IC3854A","no"
"SC1295A","no"
"SC2133A","yes"
"SC2230A","no"
"SC2276A","yes"
"SC2714A","no"
"SC2909A","no"
"SC3040A","no"
"SC339A","yes"
"SC358A","no"
"SC3785A","no"
"SC4155A","no"
"SC4365A","no"
"SC4811A","no"
"SC516A","no"
"SC617A","no"
"SC668A","no"
"SD3291A","no"
"SD845A","no"
"SG126A","yes"
"SG2703A","yes"
"SG3333A","yes"
"SG335A","no"
"SG3563A","yes"
"SG3852A","yes"
"SK1434A","yes"
"SK1722A","yes"
"SK1981A","yes"
"SK1998A","no"
"SK2105A","no"
"SK2399A","yes"
"SK2422A","no"
"SK3078A","no"
"SK3569A","yes"
"SK3663A","no"
"SK4582A","yes"
"SK4734A","no"
"SK4824A","yes"
"SM1165A","no"
"SM2411A","no"
"SM3102A","yes"
"SM4038A","yes"
"SM691A","no"
"SM860A","no"
"ST1403A","yes"
"ST2066A","yes"
"ST2263A","yes"
"ST2761A","no"
"ST3672A","yes"
"ST372A","yes"
"ST455A","no"
"ST4821A","no"
